<?xml version="1.0" encoding="UTF-8"?>
<!DOCTYPE mapper
    PUBLIC "-//mybatis.org//DTD Mapper 3.0//EN"
    "http://mybatis.org/dtd/mybatis-3-mapper.dtd">

<mapper namespace="test">
	<!--  
	태그 1개가 메서드 1개라고 보시면 됩니다. 
	id : 메서드명
	parameterType  : 매개변수타입
	resultType     : 리턴 타입
	<![CDATA[ ]]>  : CDATA섹션인데 SQL명령에 
	                 >, >= , < , <= 등이 들어갔을때 태그가 아니라고 알려주는것이다. 
	                 
	SQL 명령중 바뀌는 부분의 #{}으로 감싸준다. 그러면 변수의 값을 ''안에 써서 완성해 준다.
	만약 바뀌는 부분이 필드명이나 테이블명이면 ''가 없어야 하므로 ${}로 감싸준다.
	-->	
	<select id="today" resultType="date">
		select now()
	</select>

	<select id="calc" parameterType="hashmap" resultType="int">
		select ( #{num1} + #{num2} ) * #{num3} 
	</select>
	
	<select id="vo1" parameterType="hashmap" resultType="testVO">
		select now() as today, ( #{num1} + #{num2} ) * #{num3} as result 
	</select>
	
	<select id="vo2" parameterType="hashmap" resultType="hashmap">
		<![CDATA[
		select now() as today, ( #{num1} + #{num2} ) * #{num3} as result 
		]]>
	</select>
	
	
</mapper>