<?xml version="1.0" encoding="UTF-8"?>
<!DOCTYPE mapper
  PUBLIC "-//mybatis.org//DTD Mapper 3.0//EN"
  "http://mybatis.org/dtd/mybatis-3-mapper.dtd">
<mapper namespace="comment">
	<!-- 1. ?글의 댓글이 ?개인가? -->
	<select id="selectCount" parameterType="int" resultType="int">
		select count(*) from comment where ref = #{idx}
	</select>
	<!-- 2. ?글의 댓글 목록 -->
	<select id="selectList" parameterType="int" resultType="CommentVO">
		select * from comment where ref = #{idx}
	</select>
	<!-- 3. 저장 -->
	<insert id="insert" parameterType="CommentVO">
		insert into comment
			(ref,name,password,content,ip)
		values
			(#{ref},#{name},password(#{password}),#{content},#{ip})
	</insert>
	<!-- 4. 수정 -->
	<update id="update" parameterType="CommentVO">
		update comment set 
			content = #{content},
			regDate = now(),
			ip = #{ip}
		where
			idx = #{idx}
	</update>
	<!-- 5. 삭제 -->
	<delete id="delete" parameterType="int">
		delete from comment where idx=#{idx}
	</delete>
	<!-- 6. ?글의 댓글 모두 삭제 -->
	<delete id="deleteByRef" parameterType="int">
		delete from comment where ref=#{ref}
	</delete>
	<!-- 7. 비밀번호 검사 -->
	<select id="passwordCheck" parameterType="hashmap" resultType="int">
		select count(*) from comment where idx=#{idx} and password = password(#{password})
	</select>
</mapper>