[{"index":1,"h":"天","k":"하늘 천"},{"index":2,"h":"地","k":"땅 지"},{"index":3,"h":"玄","k":"검을 현"},{"index":4,"h":"黃","k":"누를 황"},{"index":5,"h":"宇","k":"집 우"},{"index":6,"h":"宙","k":"집 주"},{"index":7,"h":"洪","k":"넓을 홍"},{"index":8,"h":"荒","k":"거칠 황"},{"index":9,"h":"日","k":"날 일"},{"index":10,"h":"月","k":"달 월"},{"index":11,"h":"盈","k":"찰 영"},{"index":12,"h":"昃","k":"기울 측"},{"index":13,"h":"辰","k":"별 진"},{"index":14,"h":"宿","k":"잘 숙"},{"index":15,"h":"列","k":"벌일 열"},{"index":16,"h":"張","k":"베풀 장"},{"index":17,"h":"寒","k":"찰 한"},{"index":18,"h":"來","k":"올 래"},{"index":19,"h":"暑","k":"더울 서"},{"index":20,"h":"往","k":"갈 왕"},{"index":21,"h":"秋","k":"가을 추"},{"index":22,"h":"收","k":"거둘 수"},{"index":23,"h":"冬","k":"겨울 동"},{"index":24,"h":"藏","k":"감출 장"},{"index":25,"h":"閏","k":"윤달 윤"},{"index":26,"h":"餘","k":"남을 여"},{"index":27,"h":"成","k":"이룰 성"},{"index":28,"h":"歲","k":"해 세"},{"index":29,"h":"律","k":"가락 률"},{"index":30,"h":"呂","k":"음률 려"},{"index":31,"h":"調","k":"고를 조"},{"index":32,"h":"陽","k":"볕 양"},{"index":33,"h":"雲","k":"구름 운"},{"index":34,"h":"騰","k":"오를 등"},{"index":35,"h":"致","k":"이를 치"},{"index":36,"h":"雨","k":"비 우"},{"index":37,"h":"露","k":"이슬 로"},{"index":38,"h":"結","k":"맺을 결"},{"index":39,"h":"爲","k":"할 위"},{"index":40,"h":"霜","k":"서리 상"},{"index":41,"h":"金","k":"쇠 금"},{"index":42,"h":"生","k":"낳을 생"},{"index":43,"h":"麗","k":"고울 려"},{"index":44,"h":"水","k":"물 수"},{"index":45,"h":"玉","k":"구슬 옥"},{"index":46,"h":"出","k":"날 출"},{"index":47,"h":"崑","k":"메 곤"},{"index":48,"h":"岡","k":"메 강"},{"index":49,"h":"劍","k":"칼 검"},{"index":50,"h":"號","k":"이름 호"},{"index":51,"h":"巨","k":"클 거"},{"index":52,"h":"闕","k":"대궐 궐"},{"index":53,"h":"珠","k":"구슬 주"},{"index":54,"h":"稱","k":"일컬을 칭"},{"index":55,"h":"夜","k":"밤 야"},{"index":56,"h":"光","k":"빛 광"},{"index":57,"h":"果","k":"과실 과"},{"index":58,"h":"珍","k":"보배 진"},{"index":59,"h":"李","k":"오얏 리"},{"index":60,"h":"柰","k":"능금나무 내"},{"index":61,"h":"菜","k":"나물 채"},{"index":62,"h":"重","k":"무거울 중"},{"index":63,"h":"芥","k":"겨자 개"},{"index":64,"h":"薑","k":"생강 강"},{"index":65,"h":"海","k":"바다 해"},{"index":66,"h":"鹹","k":"짤 함"},{"index":67,"h":"河","k":"물 하"},{"index":68,"h":"淡","k":"묽을 담"},{"index":69,"h":"鱗","k":"비늘 린"},{"index":70,"h":"潛","k":"잠길 잠"},{"index":71,"h":"羽","k":"깃 우"},{"index":72,"h":"翔","k":"높이 날 상"},{"index":73,"h":"龍","k":"용 룡"},{"index":74,"h":"師","k":"스승 사"},{"index":75,"h":"火","k":"불 화"},{"index":76,"h":"帝","k":"임금 제"},{"index":77,"h":"鳥","k":"새 조"},{"index":78,"h":"官","k":"벼슬 관"},{"index":79,"h":"人","k":"사람 인"},{"index":80,"h":"皇","k":"임금 황"},{"index":81,"h":"始","k":"처음 시"},{"index":82,"h":"制","k":"지을 제"},{"index":83,"h":"文","k":"글월 문"},{"index":84,"h":"字","k":"글자 자"},{"index":85,"h":"乃","k":"이에 내"},{"index":86,"h":"服","k":"옷 복"},{"index":87,"h":"衣","k":"옷 의"},{"index":88,"h":"裳","k":"치마 상"},{"index":89,"h":"推","k":"밀 추"},{"index":90,"h":"位","k":"자리 위"},{"index":91,"h":"讓","k":"사양할 양"},{"index":92,"h":"國","k":"나라 국"},{"index":93,"h":"有","k":"있을 유"},{"index":94,"h":"虞","k":"헤아릴 우"},{"index":95,"h":"陶","k":"질그릇 도"},{"index":96,"h":"唐","k":"당나라 당"},{"index":97,"h":"弔","k":"슬퍼할 조"},{"index":98,"h":"民","k":"백성 민"},{"index":99,"h":"伐","k":"칠 벌"},{"index":100,"h":"罪","k":"허물 죄"},{"index":101,"h":"周","k":"두루 주"},{"index":102,"h":"發","k":"필 발"},{"index":103,"h":"殷","k":"나라이름 은"},{"index":104,"h":"湯","k":"끓을 탕"},{"index":105,"h":"坐","k":"앉을 좌"},{"index":106,"h":"朝","k":"아침 조"},{"index":107,"h":"問","k":"물을 문"},{"index":108,"h":"道","k":"길/말할 도"},{"index":109,"h":"垂","k":"드리울 수"},{"index":110,"h":"拱","k":"껴안을 공"},{"index":111,"h":"平","k":"평평할 평"},{"index":112,"h":"章","k":"글월 장"},{"index":113,"h":"愛","k":"사랑 애"},{"index":114,"h":"育","k":"기를 육"},{"index":115,"h":"黎","k":"검을 려"},{"index":116,"h":"首","k":"머리 수"},{"index":117,"h":"臣","k":"신하 신"},{"index":118,"h":"伏","k":"엎드릴 복"},{"index":119,"h":"戎","k":"오랑캐 융"},{"index":120,"h":"羌","k":"종족이름 강"},{"index":121,"h":"遐","k":"멀 하"},{"index":122,"h":"邇","k":"가까울 이"},{"index":123,"h":"壹","k":"한 일"},{"index":124,"h":"體","k":"몸 체"},{"index":125,"h":"率","k":"거느릴 솔/비율 률"},{"index":126,"h":"賓","k":"손 빈"},{"index":127,"h":"歸","k":"돌아갈 귀"},{"index":128,"h":"王","k":"임금 왕"},{"index":129,"h":"鳴","k":"울 명"},{"index":130,"h":"鳳","k":"봉황새 봉"},{"index":131,"h":"在","k":"있을 재"},{"index":132,"h":"樹","k":"나무 수"},{"index":133,"h":"白","k":"흰 백"},{"index":134,"h":"駒","k":"망아지 구"},{"index":135,"h":"食","k":"밥 식"},{"index":136,"h":"場","k":"마당 장"},{"index":137,"h":"化","k":"될 화"},{"index":138,"h":"被","k":"입을 피"},{"index":139,"h":"草","k":"풀 초"},{"index":140,"h":"木","k":"나무 목"},{"index":141,"h":"賴","k":"힘입을 뢰"},{"index":142,"h":"及","k":"미칠 급"},{"index":143,"h":"萬","k":"일만 만"},{"index":144,"h":"方","k":"모 방"},{"index":145,"h":"蓋","k":"덮을 개"},{"index":146,"h":"此","k":"이 차"},{"index":147,"h":"身","k":"몸 신"},{"index":148,"h":"髮","k":"터럭 발"},{"index":149,"h":"四","k":"넉 사"},{"index":150,"h":"大","k":"큰 대"},{"index":151,"h":"五","k":"다섯 오"},{"index":152,"h":"常","k":"항상 상"},{"index":153,"h":"恭","k":"공손할 공"},{"index":154,"h":"惟","k":"오직 유"},{"index":155,"h":"鞠","k":"국문할 국"},{"index":156,"h":"養","k":"기를 양"},{"index":157,"h":"豈","k":"어찌 기"},{"index":158,"h":"敢","k":"감히 감"},{"index":159,"h":"毁","k":"헐 훼"},{"index":160,"h":"傷","k":"상할 상"},{"index":161,"h":"女","k":"계집 녀"},{"index":162,"h":"慕","k":"사모할 모"},{"index":163,"h":"貞","k":"곧을 정"},{"index":164,"h":"烈","k":"매울 렬"},{"index":165,"h":"男","k":"사내 남"},{"index":166,"h":"效","k":"본받을 효"},{"index":167,"h":"才","k":"재주 재"},{"index":168,"h":"良","k":"어질 량"},{"index":169,"h":"知","k":"알 지"},{"index":170,"h":"過","k":"지날/허물 과"},{"index":171,"h":"必","k":"반드시 필"},{"index":172,"h":"改","k":"고칠 개"},{"index":173,"h":"得","k":"얻을 득"},{"index":174,"h":"能","k":"능할 능"},{"index":175,"h":"莫","k":"말 막"},{"index":176,"h":"忘","k":"잊을 망"},{"index":177,"h":"罔","k":"없을 망"},{"index":178,"h":"談","k":"말씀 담"},{"index":179,"h":"彼","k":"저 피"},{"index":180,"h":"短","k":"짧을 단"},{"index":181,"h":"靡","k":"아닐 미"},{"index":182,"h":"恃","k":"믿을 시"},{"index":183,"h":"己","k":"몸 기"},{"index":184,"h":"長","k":"길 장"},{"index":185,"h":"信","k":"믿을 신"},{"index":186,"h":"使","k":"하여금 사"},{"index":187,"h":"可","k":"옳을 가"},{"index":188,"h":"覆","k":"뒤집힐 복"},{"index":189,"h":"器","k":"그릇 기"},{"index":190,"h":"欲","k":"하고자할 욕"},{"index":191,"h":"難","k":"어려울 난"},{"index":192,"h":"量","k":"헤아릴 량"},{"index":193,"h":"墨","k":"먹 묵"},{"index":194,"h":"悲","k":"슬플 비"},{"index":195,"h":"絲","k":"실 사"},{"index":196,"h":"染","k":"물들일 염"},{"index":197,"h":"詩","k":"시 시"},{"index":198,"h":"讚","k":"칭찬할 찬"},{"index":199,"h":"羔","k":"새끼양 고"},{"index":200,"h":"羊","k":"양 양"},{"index":201,"h":"景","k":"경치 경"},{"index":202,"h":"行","k":"다닐 행/항렬 항"},{"index":203,"h":"維","k":"벼리 유"},{"index":204,"h":"賢","k":"어질 현"},{"index":205,"h":"克","k":"이길 극"},{"index":206,"h":"念","k":"생각 념"},{"index":207,"h":"作","k":"지을 작"},{"index":208,"h":"聖","k":"성인 성"},{"index":209,"h":"德","k":"덕 덕"},{"index":210,"h":"建","k":"세울 건"},{"index":211,"h":"名","k":"이름 명"},{"index":212,"h":"立","k":"설 립"},{"index":213,"h":"形","k":"모양 형"},{"index":214,"h":"端","k":"바를 단"},{"index":215,"h":"表","k":"겉 표"},{"index":216,"h":"正","k":"바를 정"},{"index":217,"h":"空","k":"빌 공"},{"index":218,"h":"谷","k":"골 곡"},{"index":219,"h":"傳","k":"전할 전"},{"index":220,"h":"聲","k":"소리 성"},{"index":221,"h":"虛","k":"빌 허"},{"index":222,"h":"堂","k":"집 당"},{"index":223,"h":"習","k":"익힐 습"},{"index":224,"h":"聽","k":"들을 청"},{"index":225,"h":"禍","k":"재앙 화"},{"index":226,"h":"因","k":"인할 인"},{"index":227,"h":"惡","k":"악할 악/미워할 오"},{"index":228,"h":"積","k":"쌓을 적"},{"index":229,"h":"福","k":"복 복"},{"index":230,"h":"緣","k":"인연 연"},{"index":231,"h":"善","k":"착할 선"},{"index":232,"h":"慶","k":"경사 경"},{"index":233,"h":"尺","k":"자 척"},{"index":234,"h":"璧","k":"구슬 벽"},{"index":235,"h":"非","k":"아닐 비"},{"index":236,"h":"寶","k":"보배 보"},{"index":237,"h":"寸","k":"마디 촌"},{"index":238,"h":"陰","k":"그늘 음"},{"index":239,"h":"是","k":"옳을/이 시"},{"index":240,"h":"競","k":"다툴 경"},{"index":241,"h":"資","k":"자료 자"},{"index":242,"h":"父","k":"아비 부"},{"index":243,"h":"事","k":"일/섬길 사"},{"index":244,"h":"君","k":"임금 군"},{"index":245,"h":"曰","k":"가로 왈"},{"index":246,"h":"嚴","k":"엄할 엄"},{"index":247,"h":"與","k":"더불 여"},{"index":248,"h":"敬","k":"공경할 경"},{"index":249,"h":"孝","k":"효도 효"},{"index":250,"h":"當","k":"마땅할 당"},{"index":251,"h":"竭","k":"다할 갈"},{"index":252,"h":"力","k":"힘 력"},{"index":253,"h":"忠","k":"충성 충"},{"index":254,"h":"則","k":"곧 즉/법 칙"},{"index":255,"h":"盡","k":"다할 진"},{"index":256,"h":"命","k":"목숨 명"},{"index":257,"h":"臨","k":"임할 림"},{"index":258,"h":"深","k":"깊을 심"},{"index":259,"h":"履","k":"밟을 리"},{"index":260,"h":"薄","k":"얇을 박"},{"index":261,"h":"夙","k":"일찍 숙"},{"index":262,"h":"興","k":"흥할 흥"},{"index":263,"h":"溫","k":"따뜻할 온"},{"index":264,"h":"凊","k":"서늘할 정"},{"index":265,"h":"似","k":"같을 사"},{"index":266,"h":"蘭","k":"난초 란"},{"index":267,"h":"斯","k":"이 사"},{"index":268,"h":"馨","k":"향기 형"},{"index":269,"h":"如","k":"같을 여"},{"index":270,"h":"松","k":"소나무 송"},{"index":271,"h":"之","k":"갈 지"},{"index":272,"h":"盛","k":"성할 성"},{"index":273,"h":"川","k":"내 천"},{"index":274,"h":"流","k":"흐를 류"},{"index":275,"h":"不","k":"아니 불"},{"index":276,"h":"息","k":"쉴 식"},{"index":277,"h":"淵","k":"못 연"},{"index":278,"h":"澄","k":"맑을 징"},{"index":279,"h":"取","k":"취할 취"},{"index":280,"h":"暎","k":"비칠 영"},{"index":281,"h":"容","k":"얼굴 용"},{"index":282,"h":"止","k":"그칠 지"},{"index":283,"h":"若","k":"같을 약"},{"index":284,"h":"思","k":"생각 사"},{"index":285,"h":"言","k":"말씀 언"},{"index":286,"h":"辭","k":"말씀 사"},{"index":287,"h":"安","k":"편안 안"},{"index":288,"h":"定","k":"정할 정"},{"index":289,"h":"篤","k":"도타울 독"},{"index":290,"h":"初","k":"처음 초"},{"index":291,"h":"誠","k":"정성 성"},{"index":292,"h":"美","k":"아름다울 미"},{"index":293,"h":"愼","k":"삼갈 신"},{"index":294,"h":"終","k":"마지막 종"},{"index":295,"h":"宜","k":"마땅 의"},{"index":296,"h":"令","k":"하여금 령"},{"index":297,"h":"榮","k":"영화 영"},{"index":298,"h":"業","k":"업 업"},{"index":299,"h":"所","k":"바 소"},{"index":300,"h":"基","k":"터 기"},{"index":301,"h":"籍","k":"호적 적"},{"index":302,"h":"甚","k":"심할 심"},{"index":303,"h":"無","k":"없을 무"},{"index":304,"h":"竟","k":"마침내 경"},{"index":305,"h":"學","k":"배울 학"},{"index":306,"h":"優","k":"넉넉할 우"},{"index":307,"h":"登","k":"오를 등"},{"index":308,"h":"仕","k":"벼슬 사"},{"index":309,"h":"攝","k":"잡을 섭"},{"index":310,"h":"職","k":"벼슬 직"},{"index":311,"h":"從","k":"좇을 종"},{"index":312,"h":"政","k":"정사 정"},{"index":313,"h":"存","k":"있을 존"},{"index":314,"h":"以","k":"써 이"},{"index":315,"h":"甘","k":"달 감"},{"index":316,"h":"棠","k":"해당화 당"},{"index":317,"h":"去","k":"갈 거"},{"index":318,"h":"而","k":"어조사 이"},{"index":319,"h":"益","k":"더할 익"},{"index":320,"h":"詠","k":"읊을 영"},{"index":321,"h":"樂","k":"풍류 악/즐길 락/좋아할 요"},{"index":322,"h":"殊","k":"다를 수"},{"index":323,"h":"貴","k":"귀할 귀"},{"index":324,"h":"賤","k":"천할 천"},{"index":325,"h":"禮","k":"예도 례"},{"index":326,"h":"別","k":"다를 별"},{"index":327,"h":"尊","k":"높을 존"},{"index":328,"h":"卑","k":"낮을 비"},{"index":329,"h":"上","k":"위 상"},{"index":330,"h":"和","k":"화할 화"},{"index":331,"h":"下","k":"아래 하"},{"index":332,"h":"睦","k":"화목할 목"},{"index":333,"h":"夫","k":"지아비 부"},{"index":334,"h":"唱","k":"부를 창"},{"index":335,"h":"婦","k":"며느리 부"},{"index":336,"h":"隨","k":"따를 수"},{"index":337,"h":"外","k":"밖 외"},{"index":338,"h":"受","k":"받을 수"},{"index":339,"h":"傅","k":"스승 부"},{"index":340,"h":"訓","k":"가르칠 훈"},{"index":341,"h":"入","k":"들 입"},{"index":342,"h":"奉","k":"받들 봉"},{"index":343,"h":"母","k":"어미 모"},{"index":344,"h":"儀","k":"거동 의"},{"index":345,"h":"諸","k":"모두 제"},{"index":346,"h":"姑","k":"시어미 고"},{"index":347,"h":"伯","k":"맏 백"},{"index":348,"h":"叔","k":"아재비 숙"},{"index":349,"h":"猶","k":"같을 유"},{"index":350,"h":"子","k":"아들 자"},{"index":351,"h":"比","k":"견줄 비"},{"index":352,"h":"兒","k":"아이 아"},{"index":353,"h":"孔","k":"구멍 공"},{"index":354,"h":"懷","k":"품을 회"},{"index":355,"h":"兄","k":"맏 형"},{"index":356,"h":"弟","k":"아우 제"},{"index":357,"h":"同","k":"한가지 동"},{"index":358,"h":"氣","k":"기운 기"},{"index":359,"h":"連","k":"이어질 연"},{"index":360,"h":"枝","k":"가지 지"},{"index":361,"h":"交","k":"사귈 교"},{"index":362,"h":"友","k":"벗 우"},{"index":363,"h":"投","k":"던질 투"},{"index":364,"h":"分","k":"나눌 분"},{"index":365,"h":"切","k":"끊을 절/모두 체"},{"index":366,"h":"磨","k":"갈 마"},{"index":367,"h":"箴","k":"경계 잠"},{"index":368,"h":"規","k":"법 규"},{"index":369,"h":"仁","k":"어질 인"},{"index":370,"h":"慈","k":"사랑할 자"},{"index":371,"h":"隱","k":"숨을 은"},{"index":372,"h":"惻","k":"슬플 측"},{"index":373,"h":"造","k":"지을 조"},{"index":374,"h":"次","k":"버금 차"},{"index":375,"h":"弗","k":"아닐 불"},{"index":376,"h":"離","k":"떠날 리"},{"index":377,"h":"節","k":"마디 절"},{"index":378,"h":"義","k":"옳을 의"},{"index":379,"h":"廉","k":"청렴 렴"},{"index":380,"h":"退","k":"물러갈 퇴"},{"index":381,"h":"顚","k":"엎드러질 전"},{"index":382,"h":"沛","k":"자빠질 패"},{"index":383,"h":"匪","k":"아닐 비"},{"index":384,"h":"虧","k":"이지러질 휴"},{"index":385,"h":"性","k":"성품 성"},{"index":386,"h":"靜","k":"고요할 정"},{"index":387,"h":"情","k":"뜻 정"},{"index":388,"h":"逸","k":"편안할 일"},{"index":389,"h":"心","k":"마음 심"},{"index":390,"h":"動","k":"움직일 동"},{"index":391,"h":"神","k":"귀신 신"},{"index":392,"h":"疲","k":"피곤할 피"},{"index":393,"h":"守","k":"지킬 수"},{"index":394,"h":"眞","k":"참 진"},{"index":395,"h":"志","k":"뜻 지"},{"index":396,"h":"滿","k":"찰 만"},{"index":397,"h":"逐","k":"쫓을 축"},{"index":398,"h":"物","k":"만물 물"},{"index":399,"h":"意","k":"뜻 의"},{"index":400,"h":"移","k":"옮길 이"},{"index":401,"h":"堅","k":"굳을 견"},{"index":402,"h":"持","k":"가질 지"},{"index":403,"h":"雅","k":"우아할 아"},{"index":404,"h":"操","k":"잡을 조"},{"index":405,"h":"好","k":"좋을 호"},{"index":406,"h":"爵","k":"벼슬 작"},{"index":407,"h":"自","k":"스스로 자"},{"index":408,"h":"縻","k":"얽을 미"},{"index":409,"h":"都","k":"도읍 도"},{"index":410,"h":"邑","k":"고을 읍"},{"index":411,"h":"華","k":"빛날 화"},{"index":412,"h":"夏","k":"여름 하"},{"index":413,"h":"東","k":"동녘 동"},{"index":414,"h":"西","k":"서녘 서"},{"index":415,"h":"二","k":"두 이"},{"index":416,"h":"京","k":"서울 경"},{"index":417,"h":"背","k":"등 배"},{"index":418,"h":"邙","k":"산이름 망"},{"index":419,"h":"面","k":"낯 면"},{"index":420,"h":"洛","k":"강이름 락"},{"index":421,"h":"浮","k":"뜰 부"},{"index":422,"h":"渭","k":"강이름 위"},{"index":423,"h":"據","k":"의거할 거"},{"index":424,"h":"涇","k":"통할 경"},{"index":425,"h":"宮","k":"집 궁"},{"index":426,"h":"殿","k":"큰집 전"},{"index":427,"h":"盤","k":"서릴 반"},{"index":428,"h":"鬱","k":"답답 울"},{"index":429,"h":"樓","k":"다락 루"},{"index":430,"h":"觀","k":"볼 관"},{"index":431,"h":"飛","k":"날 비"},{"index":432,"h":"驚","k":"놀랄 경"},{"index":433,"h":"圖","k":"그림 도"},{"index":434,"h":"寫","k":"베낄 사"},{"index":435,"h":"禽","k":"날짐승 금"},{"index":436,"h":"獸","k":"짐승 수"},{"index":437,"h":"畵","k":"그림 화"},{"index":438,"h":"采","k":"채색 채"},{"index":439,"h":"仙","k":"신선 선"},{"index":440,"h":"靈","k":"신령 령"},{"index":441,"h":"丙","k":"남녘 병"},{"index":442,"h":"舍","k":"집 사"},{"index":443,"h":"傍","k":"곁 방"},{"index":444,"h":"啓","k":"열 계"},{"index":445,"h":"甲","k":"갑옷 갑"},{"index":446,"h":"帳","k":"휘장 장"},{"index":447,"h":"對","k":"대답할 대"},{"index":448,"h":"楹","k":"기둥 영"},{"index":449,"h":"肆","k":"베풀 사"},{"index":450,"h":"筵","k":"자리 연"},{"index":451,"h":"設","k":"베풀 설"},{"index":452,"h":"席","k":"자리 석"},{"index":453,"h":"鼓","k":"북 고"},{"index":454,"h":"瑟","k":"비파 슬"},{"index":455,"h":"吹","k":"불 취"},{"index":456,"h":"笙","k":"생황 생"},{"index":457,"h":"陞","k":"오른쪽 승"},{"index":458,"h":"階","k":"뜰 계"},{"index":459,"h":"納","k":"바칠 납"},{"index":460,"h":"陛","k":"섬돌 폐"},{"index":461,"h":"弁","k":"고깔 변"},{"index":462,"h":"轉","k":"구를 전"},{"index":463,"h":"疑","k":"의심할 의"},{"index":464,"h":"星","k":"별 성"},{"index":465,"h":"右","k":"오를 우"},{"index":466,"h":"通","k":"통할 통"},{"index":467,"h":"廣","k":"넓을 광"},{"index":468,"h":"內","k":"안 내"},{"index":469,"h":"左","k":"왼 좌"},{"index":470,"h":"達","k":"통달할 달"},{"index":471,"h":"承","k":"이을 승"},{"index":472,"h":"明","k":"밝을 명"},{"index":473,"h":"旣","k":"이미 기"},{"index":474,"h":"集","k":"모을 집"},{"index":475,"h":"墳","k":"무덤 분"},{"index":476,"h":"典","k":"법 전"},{"index":477,"h":"亦","k":"또 역"},{"index":478,"h":"聚","k":"모을 취"},{"index":479,"h":"群","k":"무리 군"},{"index":480,"h":"英","k":"꽃부리 영"},{"index":481,"h":"杜","k":"막을 두"},{"index":482,"h":"稿","k":"볏짚 고"},{"index":483,"h":"鍾","k":"쇠북 종"},{"index":484,"h":"隸","k":"글씨 례"},{"index":485,"h":"漆","k":"옻칠할 칠"},{"index":486,"h":"書","k":"글씨 서"},{"index":487,"h":"壁","k":"벽 벽"},{"index":488,"h":"經","k":"날 경"},{"index":489,"h":"府","k":"마을 부"},{"index":490,"h":"羅","k":"벌릴 라"},{"index":491,"h":"將","k":"장수 장"},{"index":492,"h":"相","k":"서로 상"},{"index":493,"h":"路","k":"길 로"},{"index":494,"h":"夾","k":"낄 협"},{"index":495,"h":"槐","k":"괴화나무 괴"},{"index":496,"h":"卿","k":"벼슬 경"},{"index":497,"h":"戶","k":"지게 호"},{"index":498,"h":"封","k":"봉할 봉"},{"index":499,"h":"八","k":"여덟 팔"},{"index":500,"h":"縣","k":"고을 현"},{"index":501,"h":"家","k":"집 가"},{"index":502,"h":"給","k":"줄 급"},{"index":503,"h":"千","k":"일천 천"},{"index":504,"h":"兵","k":"군사 병"},{"index":505,"h":"高","k":"높을 고"},{"index":506,"h":"冠","k":"갓 관"},{"index":507,"h":"陪","k":"더할 배"},{"index":508,"h":"輦","k":"손수레 련"},{"index":509,"h":"驅","k":"몰 구"},{"index":510,"h":"轂","k":"바퀴 곡"},{"index":511,"h":"振","k":"떨친 진"},{"index":512,"h":"纓","k":"끈 영"},{"index":513,"h":"世","k":"세상 세"},{"index":514,"h":"祿","k":"녹 록"},{"index":515,"h":"侈","k":"사치할 치"},{"index":516,"h":"富","k":"부자 부"},{"index":517,"h":"車","k":"수레 거"},{"index":518,"h":"駕","k":"멍에 가"},{"index":519,"h":"肥","k":"살찔 비"},{"index":520,"h":"輕","k":"가벼울 경"},{"index":521,"h":"策","k":"꾀 책"},{"index":522,"h":"功","k":"공 공"},{"index":523,"h":"茂","k":"무성할 무"},{"index":524,"h":"實","k":"열매 실"},{"index":525,"h":"勒","k":"굴레 륵"},{"index":526,"h":"碑","k":"비석 비"},{"index":527,"h":"刻","k":"새길 각"},{"index":528,"h":"銘","k":"새길 명"},{"index":529,"h":"磻","k":"강이름 반"},{"index":530,"h":"溪","k":"시내 계"},{"index":531,"h":"伊","k":"저 이"},{"index":532,"h":"尹","k":"다스릴 윤"},{"index":533,"h":"佐","k":"도울 좌"},{"index":534,"h":"時","k":"때 시"},{"index":535,"h":"阿","k":"언덕 아"},{"index":536,"h":"衡","k":"저울대 형"},{"index":537,"h":"奄","k":"문득 엄"},{"index":538,"h":"宅","k":"집 댁/택"},{"index":539,"h":"曲","k":"굽을 곡"},{"index":540,"h":"阜","k":"언덕 부"},{"index":541,"h":"微","k":"작을 미"},{"index":542,"h":"旦","k":"아침 단"},{"index":543,"h":"孰","k":"누구 숙"},{"index":544,"h":"營","k":"경영 영"},{"index":545,"h":"桓","k":"굳셀 환"},{"index":546,"h":"公","k":"공변될 공"},{"index":547,"h":"匡","k":"바를 광"},{"index":548,"h":"合","k":"모을 합"},{"index":549,"h":"濟","k":"건널 제"},{"index":550,"h":"弱","k":"약할 약"},{"index":551,"h":"扶","k":"도울 부"},{"index":552,"h":"傾","k":"기울 경"},{"index":553,"h":"綺","k":"비단 기"},{"index":554,"h":"回","k":"돌아올 회"},{"index":555,"h":"漢","k":"한수 한"},{"index":556,"h":"惠","k":"은혜 혜"},{"index":557,"h":"兌","k":"말씀 설/달랠 세/기뻐할 열"},{"index":558,"h":"感","k":"느낄 감"},{"index":559,"h":"武","k":"호반 무"},{"index":560,"h":"丁","k":"고무래 정"},{"index":561,"h":"俊","k":"준걸 준"},{"index":562,"h":"乂","k":"어질 예"},{"index":563,"h":"密","k":"빽빽할 밀"},{"index":564,"h":"勿","k":"말 물"},{"index":565,"h":"多","k":"많을 다"},{"index":566,"h":"士","k":"선비 사"},{"index":567,"h":"寔","k":"이 식"},{"index":568,"h":"寧","k":"편안 녕"},{"index":569,"h":"晋","k":"나라 진"},{"index":570,"h":"楚","k":"나라 초"},{"index":571,"h":"更","k":"다시 갱/고칠 경"},{"index":572,"h":"覇","k":"으뜸 패"},{"index":573,"h":"趙","k":"나라 조"},{"index":574,"h":"魏","k":"나라 위"},{"index":575,"h":"困","k":"곤할 곤"},{"index":576,"h":"橫","k":"비낄 횡"},{"index":577,"h":"假","k":"거짓 가"},{"index":578,"h":"途","k":"길 도"},{"index":579,"h":"滅","k":"멸할 멸"},{"index":580,"h":"虢","k":"나라 괵"},{"index":581,"h":"踐","k":"밟을 천"},{"index":582,"h":"土","k":"흙 토"},{"index":583,"h":"會","k":"모일 회"},{"index":584,"h":"盟","k":"맹세 맹"},{"index":585,"h":"何","k":"어찌 하"},{"index":586,"h":"遵","k":"좇을 준"},{"index":587,"h":"約","k":"약속할 약"},{"index":588,"h":"法","k":"법 법"},{"index":589,"h":"韓","k":"나라 한"},{"index":590,"h":"弊","k":"해질 폐"},{"index":591,"h":"煩","k":"번거로울 번"},{"index":592,"h":"刑","k":"형벌 형"},{"index":593,"h":"起","k":"일어날 기"},{"index":594,"h":"翦","k":"자를 전"},{"index":595,"h":"頗","k":"자못 파"},{"index":596,"h":"牧","k":"칠 목"},{"index":597,"h":"用","k":"쓸 용"},{"index":598,"h":"軍","k":"군사 군"},{"index":599,"h":"最","k":"가장 최"},{"index":600,"h":"精","k":"정할 정"},{"index":601,"h":"宣","k":"베풀 선"},{"index":602,"h":"威","k":"위엄 위"},{"index":603,"h":"沙","k":"모래 사"},{"index":604,"h":"漠","k":"아득할 막"},{"index":605,"h":"馳","k":"달릴 치"},{"index":606,"h":"譽","k":"칭찬할 예"},{"index":607,"h":"丹","k":"붉을 단"},{"index":608,"h":"靑","k":"푸를 청"},{"index":609,"h":"九","k":"아홉 구"},{"index":610,"h":"州","k":"고을 주"},{"index":611,"h":"禹","k":"하우씨 우"},{"index":612,"h":"跡","k":"자취 적"},{"index":613,"h":"百","k":"일백 백"},{"index":614,"h":"郡","k":"고을 군"},{"index":615,"h":"秦","k":"나라 진"},{"index":616,"h":"幷","k":"아우를 병"},{"index":617,"h":"嶽","k":"산마루 악"},{"index":618,"h":"宗","k":"마루 종"},{"index":619,"h":"恒","k":"항상 항"},{"index":620,"h":"岱","k":"뫼 대"},{"index":621,"h":"禪","k":"터닦을 선"},{"index":622,"h":"主","k":"임금 주"},{"index":623,"h":"云","k":"이를 운"},{"index":624,"h":"亭","k":"정자 정"},{"index":625,"h":"雁","k":"기러기 안"},{"index":626,"h":"門","k":"문 문"},{"index":627,"h":"紫","k":"붉을 자"},{"index":628,"h":"塞","k":"변방 새"},{"index":629,"h":"鷄","k":"닭 계"},{"index":630,"h":"田","k":"밭 전"},{"index":631,"h":"赤","k":"붉을 적"},{"index":632,"h":"城","k":"성 성"},{"index":633,"h":"昆","k":"맏 곤"},{"index":634,"h":"池","k":"못 지"},{"index":635,"h":"碣","k":"돌 갈"},{"index":636,"h":"石","k":"돌 석"},{"index":637,"h":"鉅","k":"클 거"},{"index":638,"h":"野","k":"들 야"},{"index":639,"h":"洞","k":"골 동/꿰뚫을 통"},{"index":640,"h":"庭","k":"뜰 정"},{"index":641,"h":"曠","k":"빌 광"},{"index":642,"h":"遠","k":"멀 원"},{"index":643,"h":"綿","k":"이어질 면"},{"index":644,"h":"邈","k":"멀 막"},{"index":645,"h":"巖","k":"바위 암"},{"index":646,"h":"峀","k":"메뿌리 수"},{"index":647,"h":"杳","k":"아득할 묘"},{"index":648,"h":"冥","k":"어두울 명"},{"index":649,"h":"治","k":"다스릴 치"},{"index":650,"h":"本","k":"근본 본"},{"index":651,"h":"於","k":"어조사 어"},{"index":652,"h":"農","k":"농사 농"},{"index":653,"h":"務","k":"힘쓸 무"},{"index":654,"h":"玆","k":"이 자"},{"index":655,"h":"稼","k":"심을 가"},{"index":656,"h":"穡","k":"거둘 색"},{"index":657,"h":"俶","k":"비로소 숙"},{"index":658,"h":"載","k":"실을 재"},{"index":659,"h":"南","k":"남녘 남"},{"index":660,"h":"畝","k":"이랑 묘"},{"index":661,"h":"我","k":"나 아"},{"index":662,"h":"藝","k":"재주 예"},{"index":663,"h":"黍","k":"기장 서"},{"index":664,"h":"稷","k":"피 직"},{"index":665,"h":"稅","k":"징수할 세"},{"index":666,"h":"熟","k":"익을 숙"},{"index":667,"h":"貢","k":"바칠 공"},{"index":668,"h":"新","k":"새 신"},{"index":669,"h":"勸","k":"권할 권"},{"index":670,"h":"賞","k":"상줄 상"},{"index":671,"h":"黜","k":"물리칠 출"},{"index":672,"h":"陟","k":"오를 척"},{"index":673,"h":"孟","k":"맏 맹"},{"index":674,"h":"軻","k":"수레 가"},{"index":675,"h":"敦","k":"도타울 돈"},{"index":676,"h":"素","k":"흴 소"},{"index":677,"h":"史","k":"역사 사"},{"index":678,"h":"魚","k":"물고기 어"},{"index":679,"h":"秉","k":"잡을 병"},{"index":680,"h":"直","k":"곧을 직"},{"index":681,"h":"庶","k":"여러 서"},{"index":682,"h":"幾","k":"몇 기"},{"index":683,"h":"中","k":"가운데 중"},{"index":684,"h":"庸","k":"떳떳 용"},{"index":685,"h":"勞","k":"힘쓸 로"},{"index":686,"h":"謙","k":"겸손 겸"},{"index":687,"h":"謹","k":"삼갈 근"},{"index":688,"h":"勅","k":"칙서 칙"},{"index":689,"h":"聆","k":"들을 령"},{"index":690,"h":"音","k":"소리 음"},{"index":691,"h":"察","k":"살필 찰"},{"index":692,"h":"理","k":"다스릴 리"},{"index":693,"h":"鑑","k":"거울 감"},{"index":694,"h":"貌","k":"모양 모"},{"index":695,"h":"辨","k":"분별 변"},{"index":696,"h":"色","k":"빛 색"},{"index":697,"h":"貽","k":"끼칠 이"},{"index":698,"h":"厥","k":"그 궐"},{"index":699,"h":"嘉","k":"아름다울 가"},{"index":700,"h":"猷","k":"꾀 유"},{"index":701,"h":"勉","k":"힘쓸 면"},{"index":702,"h":"其","k":"그 기"},{"index":703,"h":"祗","k":"공경 지"},{"index":704,"h":"植","k":"심을 식"},{"index":705,"h":"省","k":"살필 성/덜 생"},{"index":706,"h":"躬","k":"몸 궁"},{"index":707,"h":"譏","k":"나무랄 기"},{"index":708,"h":"誡","k":"경계 계"},{"index":709,"h":"寵","k":"고일 총"},{"index":710,"h":"增","k":"더할 증"},{"index":711,"h":"抗","k":"저항할 항"},{"index":712,"h":"極","k":"다할 극"},{"index":713,"h":"殆","k":"위태 태"},{"index":714,"h":"辱","k":"욕할 욕"},{"index":715,"h":"近","k":"가까울 근"},{"index":716,"h":"恥","k":"부끄러울 치"},{"index":717,"h":"林","k":"수풀 림"},{"index":718,"h":"皐","k":"언덕 고"},{"index":719,"h":"幸","k":"다행 행"},{"index":720,"h":"卽","k":"곧 즉"},{"index":721,"h":"兩","k":"두 량"},{"index":722,"h":"疏","k":"상소할 소"},{"index":723,"h":"見","k":"볼 견/나타날 현"},{"index":724,"h":"機","k":"틀 기"},{"index":725,"h":"解","k":"풀 해"},{"index":726,"h":"組","k":"짤 조"},{"index":727,"h":"誰","k":"누구 수"},{"index":728,"h":"逼","k":"핍박할 핍"},{"index":729,"h":"索","k":"찾을 색"},{"index":730,"h":"居","k":"살 거"},{"index":731,"h":"閑","k":"한가 한"},{"index":732,"h":"處","k":"곳 처"},{"index":733,"h":"沈","k":"잠길 침"},{"index":734,"h":"黙","k":"잠잠할 묵"},{"index":735,"h":"寂","k":"고요할 적"},{"index":736,"h":"寥","k":"고요 요"},{"index":737,"h":"求","k":"구할 구"},{"index":738,"h":"古","k":"옛 고"},{"index":739,"h":"尋","k":"찾을 심"},{"index":740,"h":"論","k":"의논할 론"},{"index":741,"h":"散","k":"흩을 산"},{"index":742,"h":"慮","k":"생각 려"},{"index":743,"h":"逍","k":"거닐 소"},{"index":744,"h":"遙","k":"멀 요"},{"index":745,"h":"欣","k":"기쁠 흔"},{"index":746,"h":"奏","k":"아뢸 주"},{"index":747,"h":"累","k":"여러 루"},{"index":748,"h":"遣","k":"보낼 견"},{"index":749,"h":"慼","k":"슬플 척"},{"index":750,"h":"謝","k":"사례 사"},{"index":751,"h":"歡","k":"기뻐할 환"},{"index":752,"h":"招","k":"부를 초"},{"index":753,"h":"渠","k":"개천 거"},{"index":754,"h":"荷","k":"연꽃 하"},{"index":755,"h":"的","k":"과녁 적"},{"index":756,"h":"歷","k":"지낼 력"},{"index":757,"h":"園","k":"동산 원"},{"index":758,"h":"莽","k":"풀 망"},{"index":759,"h":"抽","k":"빼낼 추"},{"index":760,"h":"條","k":"조목 조"},{"index":761,"h":"枇","k":"비파나무 비"},{"index":762,"h":"杷","k":"비파나무 파"},{"index":763,"h":"晩","k":"늦을 만"},{"index":764,"h":"翠","k":"푸를 취"},{"index":765,"h":"梧","k":"오동 오"},{"index":766,"h":"桐","k":"오동 동"},{"index":767,"h":"早","k":"이를 조"},{"index":768,"h":"凋","k":"시들 조"},{"index":769,"h":"陳","k":"베풀 진"},{"index":770,"h":"根","k":"뿌리 근"},{"index":771,"h":"委","k":"맡길 위"},{"index":772,"h":"翳","k":"가릴 예"},{"index":773,"h":"落","k":"떨어질 락"},{"index":774,"h":"葉","k":"잎사귀 엽"},{"index":775,"h":"飄","k":"나부낄 표"},{"index":776,"h":"颻","k":"나부낄 요"},{"index":777,"h":"遊","k":"헤엄칠 유"},{"index":778,"h":"鵾","k":"곤새 곤"},{"index":779,"h":"獨","k":"홀로 독"},{"index":780,"h":"運","k":"운전 운"},{"index":781,"h":"凌","k":"업신여길 릉"},{"index":782,"h":"摩","k":"만질 마"},{"index":783,"h":"絳","k":"붉을 강"},{"index":784,"h":"霄","k":"하늘 소"},{"index":785,"h":"耽","k":"즐길 탐"},{"index":786,"h":"讀","k":"읽을 독/이두 두"},{"index":787,"h":"翫","k":"가지고놀 완"},{"index":788,"h":"市","k":"저자 시"},{"index":789,"h":"寓","k":"붙일 우"},{"index":790,"h":"目","k":"눈 목"},{"index":791,"h":"囊","k":"주머니 낭"},{"index":792,"h":"箱","k":"상자 상"},{"index":793,"h":"易","k":"쉬울 이/바꿀 역"},{"index":794,"h":"輶","k":"가벼울 유"},{"index":795,"h":"攸","k":"바 유"},{"index":796,"h":"畏","k":"두려워할 외"},{"index":797,"h":"屬","k":"붙을 속/이을 촉"},{"index":798,"h":"耳","k":"귀 이"},{"index":799,"h":"垣","k":"담 원"},{"index":800,"h":"牆","k":"담 장"},{"index":801,"h":"具","k":"갖출 구"},{"index":802,"h":"膳","k":"반찬 선"},{"index":803,"h":"飱","k":"밥 손"},{"index":804,"h":"飯","k":"밥 반"},{"index":805,"h":"適","k":"마침 적"},{"index":806,"h":"口","k":"입 구"},{"index":807,"h":"充","k":"채울 충"},{"index":808,"h":"腸","k":"창자 장"},{"index":809,"h":"飽","k":"배부를 포"},{"index":810,"h":"飫","k":"배부를 어"},{"index":811,"h":"烹","k":"삶을 팽"},{"index":812,"h":"宰","k":"재상 재"},{"index":813,"h":"饑","k":"주릴 기"},{"index":814,"h":"厭","k":"싫을 염"},{"index":815,"h":"糟","k":"재강 조"},{"index":816,"h":"糠","k":"겨 강"},{"index":817,"h":"親","k":"친할 친"},{"index":818,"h":"戚","k":"겨레 척"},{"index":819,"h":"故","k":"연고 고"},{"index":820,"h":"舊","k":"옛 구"},{"index":821,"h":"老","k":"늙을 로"},{"index":822,"h":"少","k":"젊을 소"},{"index":823,"h":"異","k":"다를 이"},{"index":824,"h":"糧","k":"양식 량"},{"index":825,"h":"妾","k":"첩 첩"},{"index":826,"h":"御","k":"모실 어"},{"index":827,"h":"績","k":"길쌈 적"},{"index":828,"h":"紡","k":"길쌈 방"},{"index":829,"h":"侍","k":"모실 시"},{"index":830,"h":"巾","k":"수건 건"},{"index":831,"h":"帷","k":"장막 유"},{"index":832,"h":"房","k":"방 방"},{"index":833,"h":"紈","k":"흰비단 환"},{"index":834,"h":"扇","k":"부채 선"},{"index":835,"h":"圓","k":"둥글 원"},{"index":836,"h":"潔","k":"깨끗할 결"},{"index":837,"h":"銀","k":"은 은"},{"index":838,"h":"燭","k":"촛불 촉"},{"index":839,"h":"煒","k":"빛날 위"},{"index":840,"h":"煌","k":"빛날 황"},{"index":841,"h":"晝","k":"낮 주"},{"index":842,"h":"眠","k":"잘 면"},{"index":843,"h":"夕","k":"저녁 석"},{"index":844,"h":"寐","k":"잘 매"},{"index":845,"h":"藍","k":"쪽 람"},{"index":846,"h":"筍","k":"죽순 순"},{"index":847,"h":"象","k":"코끼리 상"},{"index":848,"h":"床","k":"상 상"},{"index":849,"h":"弦","k":"줄 현"},{"index":850,"h":"歌","k":"노래 가"},{"index":851,"h":"酒","k":"술 주"},{"index":852,"h":"讌","k":"잔치 연"},{"index":853,"h":"接","k":"이을 접"},{"index":854,"h":"杯","k":"잔 배"},{"index":855,"h":"擧","k":"들 거"},{"index":856,"h":"觴","k":"잔 상"},{"index":857,"h":"矯","k":"바로잡을 교"},{"index":858,"h":"手","k":"손 수"},{"index":859,"h":"頓","k":"두드릴 돈"},{"index":860,"h":"足","k":"발 족"},{"index":861,"h":"悅","k":"기쁠 열"},{"index":862,"h":"豫","k":"미리 예"},{"index":863,"h":"且","k":"또 차"},{"index":864,"h":"康","k":"편안 강"},{"index":865,"h":"嫡","k":"정실 적"},{"index":866,"h":"後","k":"뒤 후"},{"index":867,"h":"嗣","k":"이을 사"},{"index":868,"h":"續","k":"이을 속"},{"index":869,"h":"祭","k":"제사 제"},{"index":870,"h":"祀","k":"제사 사"},{"index":871,"h":"蒸","k":"찔 증"},{"index":872,"h":"嘗","k":"맛볼 상"},{"index":873,"h":"稽","k":"조아릴 계"},{"index":874,"h":"顙","k":"이마 상"},{"index":875,"h":"再","k":"둘 재"},{"index":876,"h":"拜","k":"절 배"},{"index":877,"h":"悚","k":"두려워할 송"},{"index":878,"h":"懼","k":"두려워할 구"},{"index":879,"h":"恐","k":"두려워할 공"},{"index":880,"h":"惶","k":"두려워할 황"},{"index":881,"h":"牋","k":"편지 전"},{"index":882,"h":"牒","k":"편지 첩"},{"index":883,"h":"簡","k":"편지 간"},{"index":884,"h":"要","k":"중요 요"},{"index":885,"h":"顧","k":"돌아볼 고"},{"index":886,"h":"答","k":"대답 답"},{"index":887,"h":"審","k":"살필 심"},{"index":888,"h":"詳","k":"자세할 상"},{"index":889,"h":"骸","k":"뼈 해"},{"index":890,"h":"垢","k":"때 구"},{"index":891,"h":"想","k":"생각할 상"},{"index":892,"h":"浴","k":"목욕할 욕"},{"index":893,"h":"執","k":"잡을 집"},{"index":894,"h":"熱","k":"더울 열"},{"index":895,"h":"願","k":"원할 원"},{"index":896,"h":"凉","k":"서늘할 량"},{"index":897,"h":"驢","k":"나귀 려"},{"index":898,"h":"騾","k":"노새 라"},{"index":899,"h":"犢","k":"송아지 독"},{"index":900,"h":"特","k":"특별 특"},{"index":901,"h":"駭","k":"놀랄 해"},{"index":902,"h":"躍","k":"뛸 약"},{"index":903,"h":"超","k":"넘을 초"},{"index":904,"h":"驤","k":"달릴 양"},{"index":905,"h":"誅","k":"벨 주"},{"index":906,"h":"斬","k":"벨 참"},{"index":907,"h":"賊","k":"도적 적"},{"index":908,"h":"盜","k":"도적 도"},{"index":909,"h":"捕","k":"잡을 포"},{"index":910,"h":"獲","k":"얻을 획"},{"index":911,"h":"叛","k":"배반할 반"},{"index":912,"h":"亡","k":"망할 망/없을 무"},{"index":913,"h":"布","k":"베 포"},{"index":914,"h":"射","k":"쏠 사"},{"index":915,"h":"僚","k":"벗 료"},{"index":916,"h":"丸","k":"알 환"},{"index":917,"h":"嵇","k":"산이름 혜"},{"index":918,"h":"琴","k":"거문고 금"},{"index":919,"h":"阮","k":"악기 완"},{"index":920,"h":"嘯","k":"휘파람 소"},{"index":921,"h":"恬","k":"편안 념"},{"index":922,"h":"筆","k":"붓 필"},{"index":923,"h":"倫","k":"인륜 륜"},{"index":924,"h":"紙","k":"종이 지"},{"index":925,"h":"鈞","k":"고를 균"},{"index":926,"h":"巧","k":"공교할 교"},{"index":927,"h":"任","k":"맡길 임"},{"index":928,"h":"釣","k":"낚시 조"},{"index":929,"h":"釋","k":"놓을 석"},{"index":930,"h":"紛","k":"어지러울 분"},{"index":931,"h":"利","k":"이로울/날카로울 리"},{"index":932,"h":"俗","k":"풍속 속"},{"index":933,"h":"竝","k":"아우를 병"},{"index":934,"h":"皆","k":"다 개"},{"index":935,"h":"佳","k":"아름다울 가"},{"index":936,"h":"妙","k":"묘할 묘"},{"index":937,"h":"毛","k":"털 모"},{"index":938,"h":"施","k":"베풀 시"},{"index":939,"h":"淑","k":"맑을 숙"},{"index":940,"h":"姿","k":"모양 자"},{"index":941,"h":"工","k":"장인 공"},{"index":942,"h":"顰","k":"찡그릴 빈"},{"index":943,"h":"姸","k":"고울 연"},{"index":944,"h":"笑","k":"웃을 소"},{"index":945,"h":"年","k":"해 년"},{"index":946,"h":"矢","k":"화살 시"},{"index":947,"h":"每","k":"매양 매"},{"index":948,"h":"催","k":"재촉 최"},{"index":949,"h":"曦","k":"햇빛 희"},{"index":950,"h":"暉","k":"빛날 휘"},{"index":951,"h":"朗","k":"밝을 랑"},{"index":952,"h":"耀","k":"빛날 요"},{"index":953,"h":"璇","k":"구슬 선"},{"index":954,"h":"璣","k":"구슬 기"},{"index":955,"h":"懸","k":"달 현"},{"index":956,"h":"斡","k":"빙빙돌 알"},{"index":957,"h":"晦","k":"그믐 회"},{"index":958,"h":"魄","k":"넋 백"},{"index":959,"h":"環","k":"고리 환"},{"index":960,"h":"照","k":"비칠 조"},{"index":961,"h":"指","k":"손가락 지"},{"index":962,"h":"薪","k":"섶나무 신"},{"index":963,"h":"修","k":"닦을 수"},{"index":964,"h":"祐","k":"복 우"},{"index":965,"h":"永","k":"길 영"},{"index":966,"h":"綏","k":"편안 수"},{"index":967,"h":"吉","k":"길할 길"},{"index":968,"h":"劭","k":"아름다울 소"},{"index":969,"h":"矩","k":"법 구"},{"index":970,"h":"步","k":"걸음 보"},{"index":971,"h":"引","k":"끌 인"},{"index":972,"h":"領","k":"거느릴 령"},{"index":973,"h":"俯","k":"굽을 부"},{"index":974,"h":"仰","k":"우러를 앙"},{"index":975,"h":"廊","k":"행랑 랑"},{"index":976,"h":"廟","k":"사당 묘"},{"index":977,"h":"束","k":"묶을 속"},{"index":978,"h":"帶","k":"띠 대"},{"index":979,"h":"矜","k":"자랑 긍"},{"index":980,"h":"莊","k":"씩씩할 장"},{"index":981,"h":"徘","k":"배회 배"},{"index":982,"h":"徊","k":"배회 회"},{"index":983,"h":"瞻","k":"쳐다볼 첨"},{"index":984,"h":"眺","k":"바라볼 조"},{"index":985,"h":"孤","k":"외로울 고"},{"index":986,"h":"陋","k":"더러울 루"},{"index":987,"h":"寡","k":"적을 과"},{"index":988,"h":"聞","k":"들을 문"},{"index":989,"h":"愚","k":"어리석을 우"},{"index":990,"h":"蒙","k":"어릴 몽"},{"index":991,"h":"等","k":"등급 등"},{"index":992,"h":"誚","k":"꾸짖을 초"},{"index":993,"h":"謂","k":"이를 위"},{"index":994,"h":"語","k":"말씀 어"},{"index":995,"h":"助","k":"도울 조"},{"index":996,"h":"者","k":"놈 자"},{"index":997,"h":"焉","k":"어찌 언"},{"index":998,"h":"哉","k":"어조사 재"},{"index":999,"h":"乎","k":"어조사 호"},{"index":1000,"h":"也","k":"어조사 야"}]