[{"index":1,"h":"天地玄黃","k":"천지현황","t":"하늘은 위에 있어 그 빛이 검고 땅은 아래 있어서 그 빛이 누르다."},{"index":2,"h":"宇宙洪荒","k":"우주홍황","t":"하늘과 땅 사이는 넓고 커서 끝이 없다. 즉 세상의 넓음을 말한다."},{"index":3,"h":"日月盈昃","k":"일월영측","t":"해는 서쪽으로 기울고 달도 차면 점차 이지러진다. 즉 우주의 진리를 말한다."},{"index":4,"h":"辰宿列張","k":"진숙열장","t":"성좌가 해 달과 같이 하늘에 넓게 벌려져 있음을 말한다."},{"index":5,"h":"寒來暑往","k":"한래서왕","t":"찬 것이 오면 더운 것이 가고 더운 것이 오면 찬 것이 간다. 즉 사철의 바뀜을 말한다."},{"index":6,"h":"秋收冬藏","k":"추수동장","t":"가을에 곡식을 거두고 겨울이 오면 그것을 감춰 들인다."},{"index":7,"h":"閏餘成歲","k":"윤여성세","t":"일년 이십사절기 나머지 시각을 모아 윤달로 하여 해를 이루었다."},{"index":8,"h":"律呂調陽","k":"율려조양","t":"천지간의 양기를 고르게 하니 즉 율은 양이요 여는 음이다."},{"index":9,"h":"雲騰致雨","k":"운등치우","t":"수증기가 올라가서 구름이 되고 냉기를 만나 비가 된다. 즉 자연의 기상을 말한다."},{"index":10,"h":"露結爲霜","k":"노결위상","t":"이슬이 맺어 서리가 되니 밤기운이 풀잎에 물방울처럼 이슬을 이룬다."},{"index":11,"h":"金生麗水","k":"금생여수","t":"금은 여수에서 나니 여수는 중국의 지명이다."},{"index":12,"h":"玉出崑岡","k":"옥출곤강","t":"옥은 곤강에서 나니 곤강은 역시 중국의 산 이름이다."},{"index":13,"h":"劍號巨闕","k":"검호거궐","t":"거궐은 칼이름이고 구야자가 지은 보검이다. 즉 조나라의 국보다."},{"index":14,"h":"珠稱夜光","k":"주칭야광","t":"구슬의 빛이 밤의 낮 같은 고로 야광이라 칭하였다."},{"index":15,"h":"果珍李柰","k":"과진이내","t":"과실 중에 오얏과 능금나무의 그 진미가 으뜸임을 말한다."},{"index":16,"h":"菜重芥薑","k":"채중개강","t":"나물은 겨자와 생강이 중하다."},{"index":17,"h":"海鹹河淡","k":"해함하담","t":"바다 물은 짜고 밀물은 맛도 없고 맑다."},{"index":18,"h":"鱗潛羽翔","k":"인잠우상","t":"비늘 있는 고기는 물 속에 잠기고 날개 있는 새는 공중에 난다."},{"index":19,"h":"龍師火帝","k":"용사화제","t":"복희씨는 용으로써 벼슬을 기록하고 신농씨는 불로써 기록하였다."},{"index":20,"h":"鳥官人皇","k":"조관인황","t":"소호는 새로써 벼슬을 기록하고 황제는 인문을 갖추었으므로 인황이라 하였다."},{"index":21,"h":"始制文字","k":"시제문자","t":"복희의 신하 창힐이라는 사람이 새의 발자취를 보고 글자를 처음 만들었다."},{"index":22,"h":"乃服衣裳","k":"내복의상","t":"이에 의상을 입게 하니 황제가 의관을 지어 등분을 분별하고 위의를 엄숙케 하였다."},{"index":23,"h":"推位讓國","k":"추위양국","t":"벼슬을 미루고 나라를 사양하니 제요가 제순에게 전위하였다."},{"index":24,"h":"有虞陶唐","k":"유우도당","t":"유우는 제순이요 도당은 제요이다. 즉 중국 고대 제왕이다."},{"index":25,"h":"弔民伐罪","k":"조민벌죄","t":"불쌍한 백성은 돕고 죄지은 백성은 벌주었다."},{"index":26,"h":"周發殷湯","k":"주발은탕","t":"주발은 무왕의 이름이고 은탕은 왕의 칭호이다."},{"index":27,"h":"坐朝問道","k":"좌조문도","t":"좌조는 천하를 통일하여 왕위에 앉은 것이고 문도는 나라 다스리는 법을 말한다."},{"index":28,"h":"垂拱平章","k":"수공평장","t":"밝고 평화스럽게 다스리는 길을 겸손히 생각함을 말한다."},{"index":29,"h":"愛育黎首","k":"애육여수","t":"明君이 천하를 다스림에 衆民을 사랑하고 양육함을 말한다."},{"index":30,"h":"臣伏戎羌","k":"신복융강","t":"이상과 같이 나라를 다스리면 그 덕에 융과 강도 항복하고야 만다."},{"index":31,"h":"遐邇壹體","k":"하이일체","t":"멀고 가까운 나라가 전부 그 덕망에 귀순케 하며 일체가 될 수 있다."},{"index":32,"h":"率賓歸王","k":"솔빈귀왕","t":"거느리고 복종하여 왕에게 돌아오니 덕을 입어 복종치 않음이 없음을 말한다."},{"index":33,"h":"鳴鳳在樹","k":"명봉재수","t":"명군 성현이 나타나면 봉이 운다는 말과 같이 덕망이 미치는 곳마다 봉이 나무 위에서 울 것이다."},{"index":34,"h":"白駒食場","k":"백구식장","t":"평화스러움을 말한 것이며, 즉 흰 망아지도 감화되어 사람을 따르며 마당 풀을 뜯어먹게 한다."},{"index":35,"h":"化被草木","k":"화피초목","t":"덕화가 사람이나 짐승에게만 미칠 뿐 아니라 초목에까지도 미침을 말한다."},{"index":36,"h":"賴及萬方","k":"뇌급만방","t":"만방이 극히 넓으나 어진 덕이 고루 미치게 된다."},{"index":37,"h":"蓋此身髮","k":"개차신발","t":"이 몸의 털은 대개 사람마다 없는 이가 없다."},{"index":38,"h":"四大五常","k":"사대오상","t":"네 가지 큰 것과 다섯 가지 떳떳함이 있으니 즉 사대는 천지 군부요 오상은 인의예지신이다."},{"index":39,"h":"恭惟鞠養","k":"공유국양","t":"국양함을 공손히 하라. 이 몸은 부모의 기르신 은혜이기 때문이다."},{"index":40,"h":"豈敢毁傷","k":"기감훼상","t":"부모께서 낳아 길러 주신 이 몸을 어찌 감히 훼상할 수 있으랴."},{"index":41,"h":"女慕貞烈","k":"여모정열","t":"여자는 정조를 굳게 지키고 행실을 단정하게 해야 함을 말한다."},{"index":42,"h":"男效才良","k":"남효재량","t":"남자는 재능을 닦고 어진 것을 본받아야 함을 말한다."},{"index":43,"h":"知過必改","k":"지과필개","t":"누구나 허물이 있는 것이니 허물을 알면 즉시 고쳐야 한다."},{"index":44,"h":"得能莫忘","k":"득능막망","t":"사람으로써 알아야 할 것을 배운 후에는 잊지 않도록 노력하여야 한다."},{"index":45,"h":"罔談彼短","k":"망담피단","t":"자기의 단점을 말 안하는 동시에 남의 잘못을 욕하지 말라."},{"index":46,"h":"靡恃己長","k":"미시기장","t":"자신의 특기를 믿고 자랑하지 말라. 그럼으로써 더욱 발달한다."},{"index":47,"h":"信使可覆","k":"신사가복","t":"믿음은 움직일 수 없는 진리이고 또한 남과의 약속은 지켜야 한다."},{"index":48,"h":"器欲難量","k":"기욕난량","t":"사람의 기량은 깊고 깊어서 헤아리기 어렵다."},{"index":49,"h":"墨悲絲染","k":"묵비사염","t":"흰 실에 검은 물이 들면 다시 희지 못함을 슬퍼한다. 즉 사람도 매사를 조심하여야 한다."},{"index":50,"h":"詩讚羔羊","k":"시찬고양","t":"시전 고양편에 문왕의 덕을 입은 남국 대부의 정직함을 칭찬하였으니 사람의 선악을 말한 것이다."},{"index":51,"h":"景行維賢","k":"경행유현","t":"행실을 훌륭하게 하고 당당하게 행하면 어진 사람이 된다는 것을 말한다."},{"index":52,"h":"克念作聖","k":"극념작성","t":"성인의 언행을 잘 생각하여 수양을 쌓으면 자연 성인이 됨을 말한다."},{"index":53,"h":"德建名立","k":"덕건명립","t":"항상 덕을 가지고 세상일을 행하면 자연 이름도 서게 된다."},{"index":54,"h":"形端表正","k":"형단표정","t":"몸 형상이 단정하고 깨끗하면 마음도 바르며 또 표면에 나타난다."},{"index":55,"h":"空谷傳聲","k":"공곡전성","t":"산골짜기에서 크게 소리치면 그대로 전한다. 즉 악한 일을 당하게 된다."},{"index":56,"h":"虛堂習聽","k":"허당습청","t":"빈방에서 소리를 내면 울려서 다 들린다. 즉 착한 말을 하면 천리 밖에서도 응한다."},{"index":57,"h":"禍因惡積","k":"화인악적","t":"재앙은 악을 쌓음에 인한 것이므로 재앙을 받는 이는 평일에 악을 쌓았기 때문이다."},{"index":58,"h":"福緣善慶","k":"복연선경","t":"복은 착한 일에서 오는 것이니 착한 일을 하면 경사가 온다."},{"index":59,"h":"尺璧非寶","k":"척벽비보","t":"한 자 되는 구슬이라고 해서 결코 보배라고는 할 수 없다."},{"index":60,"h":"寸陰是競","k":"촌음시경","t":"한 자 되는 구슬보다도 잠깐의 시간이 더욱 귀중하니 시간을 아껴야 한다."},{"index":61,"h":"資父事君","k":"자부사군","t":"아비를 자료로 하여 임금을 섬길지니 아비 섬기는 효도로 임금을 섬겨야 한다."},{"index":62,"h":"曰嚴與敬","k":"왈엄여경","t":"임금을 대하는 데는 엄숙함과 공경함이 있어야 한다."},{"index":63,"h":"孝當竭力","k":"효당갈력","t":"부모를 섬길 때에는 마땅히 힘을 다하여야 한다."},{"index":64,"h":"忠則盡命","k":"충즉진명","t":"충성함에는 곧 목숨을 다하니 임금을 섬기는 데 몸을 사양해서는 안된다."},{"index":65,"h":"臨深履薄","k":"임심리박","t":"깊은 곳에 임하듯 하며 얇은 데를 밟듯이 세심 주의하여야 한다."},{"index":66,"h":"夙興溫凊","k":"숙흥온청","t":"일찍 일어나서 추우면 덥게, 더우면 서늘케 하는 것이 부모 섬기는 절차이다."},{"index":67,"h":"似蘭斯馨","k":"사난사형","t":"난초같이 꽃다우니 군자의 지조를 비유한 것이다."},{"index":68,"h":"如松之盛","k":"여송지성","t":"솔 나무같이 푸르러 성함은 군자의 절개를 말한 것이다."},{"index":69,"h":"川流不息","k":"천류불식","t":"내가 흘러 쉬지 아니하니 군자의 행지를 말한 것이다."},{"index":70,"h":"淵澄取暎","k":"연징취영","t":"못이 맑아서 비치니 즉 군자의 마음을 말한 것이다."},{"index":71,"h":"容止若思","k":"용지약사","t":"행동을 덤비지 말고 형용과 행지를 조용히 생각하는 침착한 태도를 가져라."},{"index":72,"h":"言辭安定","k":"언사안정","t":"태도만 침착할 뿐 아니라 말도 안정케 하며 쓸데없는 말을 삼가라."},{"index":73,"h":"篤初誠美","k":"독초성미","t":"무엇이든지 처음에 성실하고 신중히 하여야 한다."},{"index":74,"h":"愼終宜令","k":"신종의령","t":"처음뿐만 아니라 끝맺음도 좋아야 한다."},{"index":75,"h":"榮業所基","k":"영업소기","t":"이상과 같이 잘 지키면 번성하는 기본이 된다."},{"index":76,"h":"籍甚無竟","k":"적심무경","t":"뿐만 아니라 자신의 명예스러운 이름이 길이 전하여질 것이다."},{"index":77,"h":"學優登仕","k":"학우등사","t":"배운 것이 넉넉하면 벼슬에 오를 수 있다."},{"index":78,"h":"攝職從政","k":"섭직종정","t":"벼슬을 잡아 정사를 좇으니 국가 정사에 종사하니라."},{"index":79,"h":"存以甘棠","k":"존이감당","t":"주나라 소공이 남국의 아가위나무 아래에서 백성을 교화하였다."},{"index":80,"h":"去而益詠","k":"거이익영","t":"소공이 죽은 후 남국의 백성이 그의 덕을 추모하여 감당시를 읊었다."},{"index":81,"h":"樂殊貴賤","k":"악수귀천","t":"풍류는 귀천이 다르니 천자는 팔일 제후는 육일 사대부는 사일 선일은 이일이다."},{"index":82,"h":"禮別尊卑","k":"예별존비","t":"예도에 존비의 분별이 있으니 군신, 부자, 부부, 장유, 붕우의 차별이 있다."},{"index":83,"h":"上和下睦","k":"상화하목","t":"위에서 사랑하고 아래에서 공경함으로써 화목이 된다."},{"index":84,"h":"夫唱婦隨","k":"부창부수","t":"지아비가 부르면 지어미가 따른다. 즉 원만한 가정을 말한다."},{"index":85,"h":"外受傅訓","k":"외수부훈","t":"팔세면 바깥 스승의 가르침을 받아야 한다."},{"index":86,"h":"入奉母儀","k":"입봉모의","t":"집에 들어서는 어머니를 받들어 종사하라."},{"index":87,"h":"諸姑伯叔","k":"제고백숙","t":"고모, 백부, 숙부 등 집안 내의 친척 등을 말한다."},{"index":88,"h":"猶子比兒","k":"유자비아","t":"조카들도 자기의 아들과 같이 취급하여야 한다."},{"index":89,"h":"孔懷兄弟","k":"공회형제","t":"형제는 서로 사랑하여 의좋게 지내야 한다."},{"index":90,"h":"同氣連枝","k":"동기연지","t":"형제는 부모의 기운을 같이 받았으니 나무의 가지와 같다."},{"index":91,"h":"交友投分","k":"교우투분","t":"벗을 사귈 때에는 서로가 분에 맞는 사람끼리 사귀어야 한다."},{"index":92,"h":"切磨箴規","k":"절마잠규","t":"열심히 닦고 배워서 사람으로서의 도리를 지켜야 한다."},{"index":93,"h":"仁慈隱惻","k":"인자은측","t":"어진 마음으로 남을 사랑하고 또는 이를 측은히 여겨야 한다."},{"index":94,"h":"造次弗離","k":"조차불리","t":"남을 위한 동정심을 잠시라도 잊지 말고 항상 가져야 한다."},{"index":95,"h":"節義廉退","k":"절의염퇴","t":"청렴과 절개와 의리와 사양함과 물러감은 늘 지켜야 한다."},{"index":96,"h":"顚沛匪虧","k":"전패비휴","t":"엎드려지고 자빠져도 이지러지지 않으니 용기를 잃지 말라."},{"index":97,"h":"性靜情逸","k":"성정정일","t":"성품이 고요하면 뜻이 편안하니 고요함은 천성이요 동작함은 인정이다."},{"index":98,"h":"心動神疲","k":"심동신피","t":"마음이 움직이면 신기가 피곤하니 마음이 불안하면 신기가 불편하다."},{"index":99,"h":"守眞志滿","k":"수진지만","t":"사람의 도리를 지키면 뜻이 차고 군자의 도를 지키면 뜻이 편안하다."},{"index":100,"h":"逐物意移","k":"축물의이","t":"마음이 불안함은 욕심이 있어서 그렇다. 너무 욕심내면 마음도 변한다."},{"index":101,"h":"堅持雅操","k":"견지아조","t":"맑은 절조를 굳게 가지고 있으면 나의 도리를 극진히 함이라."},{"index":102,"h":"好爵自縻","k":"호작자미","t":"스스로 벼슬을 얻게 되니 찬작을 극진하면 인작이 스스로 이르게 된다."},{"index":103,"h":"都邑華夏","k":"도읍화하","t":"도읍은 왕성의 지위를 말한 것이고 화하는 당시 중국을 지칭하던 말이다."},{"index":104,"h":"東西二京","k":"동서이경","t":"동과 서에 두 서울이 있으니 동경은 낙양이고 서경은 장안이다."},{"index":105,"h":"背邙面洛","k":"배망면낙","t":"동경은 북에 북망산이 있고 낙양은 남에 낙천이 있다."},{"index":106,"h":"浮渭據涇","k":"부위거경","t":"위수에 뜨고 경수를 눌렀으니 장안은 서북에 위천, 경수, 두물이 있었다."},{"index":107,"h":"宮殿盤鬱","k":"궁전반울","t":"궁전은 울창한 나무 사이에 서린 듯 정하고"},{"index":108,"h":"樓觀飛驚","k":"누관비경","t":"궁전 가운데 있는 물견대는 높아서 올라가면 나는 듯하여 놀란다."},{"index":109,"h":"圖寫禽獸","k":"도사금수","t":"궁전 내부에는 유명한 화가들이 그린 그림 조각 등으로 장식되어 있다."},{"index":110,"h":"畵綵仙靈","k":"화채선령","t":"신선과 신령의 그림도 화려하게 채색되어 있다."},{"index":111,"h":"丙舍傍啓","k":"병사방계","t":"병사 곁에 통고를 열어 궁전 내를 출입하는 사람들의 편리를 도모하였다."},{"index":112,"h":"甲帳對楹","k":"갑장대영","t":"아름다운 갑장이 기둥을 대하였으니 동방 삭이 갑장을 지어 임금이 잠시 정지하는 곳이다."},{"index":113,"h":"肆筵設席","k":"사연설석","t":"자리를 베풀고 돗자리를 베푸니 연회하는 좌석이다."},{"index":114,"h":"鼓瑟吹笙","k":"고슬취생","t":"비파를 치고 저를 부니 잔치하는 풍류이다."},{"index":115,"h":"陞階納陛","k":"승계납폐","t":"문무백관이 계단을 올라 임금께 납폐하는 절차이니라."},{"index":116,"h":"弁轉疑星","k":"변전의성","t":"많은 사람들의 관에서 번쩍이는 구슬이 별안간 의심할 정도이다."},{"index":117,"h":"右通廣內","k":"우통광내","t":"오른편에 광내가 통하니 광내는 나라 비서를 두는 집이다."},{"index":118,"h":"左達承明","k":"좌달승명","t":"왼편에 승명이 사무치니 승명은 사기를 교열하는 집이다."},{"index":119,"h":"旣集墳典","k":"기집분전","t":"이미 분과 전을 모았으니 삼황의 글은 삼분이요 오제의 글은 오전이다."},{"index":120,"h":"亦聚群英","k":"역취군영","t":"또한 여러 영웅을 모으니 분전을 강론하여 치국하는 도를 밝힘이라."},{"index":121,"h":"杜藁鍾隸","k":"두고종례","t":"초서를 처음으로 쓴 두고와 예서를 쓴 종례의 글로 비치되었다."},{"index":122,"h":"漆書壁經","k":"칠서벽경","t":"하나라 영제가 돌벽에서 발견한 서골과 공자가 발견한 육경도 비치되어 있다."},{"index":123,"h":"府羅將相","k":"부라장상","t":"마을 좌우에 장수와 정승이 벌려 있었다."},{"index":124,"h":"路俠槐卿","k":"노협괴경","t":"길에 고위 고관인 삼공구경의 마차가 열지어 궁전으로 들어가는 모습이다."},{"index":125,"h":"戶封八縣","k":"호봉팔현","t":"한나라가 천하를 통일하고 여덟 고을 민호를 주어 공신을 봉하였다."},{"index":126,"h":"家給千兵","k":"가급천병","t":"제후 나라에 일천 군사를 주어 그의 집을 호위시켰다."},{"index":127,"h":"高冠陪輦","k":"고관배련","t":"높은 관을 쓰고 연을 모시니 제후의 예로 대접했다."},{"index":128,"h":"驅轂振纓","k":"구곡진영","t":"수레를 몰며 갓끈이 떨치니 임금출행에 제후의 위엄이 있다"},{"index":129,"h":"世祿侈富","k":"세록치부","t":"대대로 녹이 사치하고 부하니 제후 자손이 세세 관록이 무성하여라."},{"index":130,"h":"車駕肥輕","k":"거가비경","t":"수레의 말은 살찌고 몸의 의복은 가볍게 차려져 있다."},{"index":131,"h":"策功茂實","k":"책공무실","t":"공을 꾀함에 무성하고 충실하러라."},{"index":132,"h":"勒碑刻銘","k":"늑비각명","t":"비를 세워 이름을 새겨서 그 공을 찬양하며 후세에 전하였다."},{"index":133,"h":"磻溪伊尹","k":"반계이윤","t":"문왕은 반계에서 강태공을 맞고 은왕은 신야에서 이윤을 맞이하였다."},{"index":134,"h":"佐時阿衡","k":"좌시아형","t":"때를 돕는 아형이니 아형은 상나라 재상의 칭호이다."},{"index":135,"h":"奄宅曲阜","k":"엄택곡부","t":"주공이 큰 공이 있는 고로 노국을 봉한 후 곡부에다 궁전을 세웠다."},{"index":136,"h":"微旦孰營","k":"미단숙영","t":"주공의 단이 아니면 어찌 큰 궁전을 세웠으리요."},{"index":137,"h":"桓公匡合","k":"환공광합","t":"제나라 환공은 바르게 하고 모두었으니 초를 물리치고 난을 바로잡았다."},{"index":138,"h":"濟弱扶傾","k":"제약부경","t":"약한 나라를 구제하고 기울어지는 제신을 도와서 붙들어 주었다."},{"index":139,"h":"綺回漢惠","k":"기회한혜","t":"하나라 네 현인의 한 사람인 기가 한나라 혜제를 회복시켰다."},{"index":140,"h":"兌感武丁","k":"열감무정","t":"부열이 들에서 역사하매 무정의 꿈에 감동되어 곧 정승에 되었다."},{"index":141,"h":"俊乂密勿","k":"준예밀물","t":"준걸과 재사가 조정에 모여 빽빽하더라."},{"index":142,"h":"多士寔寧","k":"다사식녕","t":"준걸과 재사가 조정에 많으니 국가가 태평함이라."},{"index":143,"h":"晋楚更覇","k":"진초갱패","t":"진과 초가 다시 으뜸이 되니 진문공 초장왕이 패왕이 되니라."},{"index":144,"h":"趙魏困橫","k":"조위곤횡","t":"조와 위는 횡에 곤하니 육군때에 진나라를 섬기자 함을 횡이라 하니라."},{"index":145,"h":"假途滅虢","k":"가도멸괵","t":"길을 빌려 괵국을 멸하니 진헌공이 우국길을 빌려 괵국을 멸하였다."},{"index":146,"h":"踐土會盟","k":"천토회맹","t":"진문공이 제후를 천토에 모아 맹세하고 협천자영 제후하니라."},{"index":147,"h":"何遵約法","k":"하준약법","t":"소하는 한고조로 더불어 약법삼장을 정하여 준행하리라."},{"index":148,"h":"韓弊煩刑","k":"한폐번형","t":"한비는 진왕을 달래 형벌을 펴다가 그 형벌에 죽는다."},{"index":149,"h":"起翦頗牧","k":"기전파목","t":"백기와 왕전은 진나라 장수요 염파와 이목은 조나라 장수였다."},{"index":150,"h":"用軍最精","k":"용군최정","t":"군사 쓰기를 가장 정결히 하였다"},{"index":151,"h":"宣威沙漠","k":"선위사막","t":"장수로서 그 위엄은 멀리 사막에까지 퍼졌다."},{"index":152,"h":"馳譽丹靑","k":"치예단청","t":"그 이름은 생전뿐 아니라 죽은 후에도 전하기 위하여 초상을 기린각에 그렸다."},{"index":153,"h":"九州禹跡","k":"구주우적","t":"하우씨가 구주를 분별하니 기, 연, 청, 서, 양, 옹, 구주이다."},{"index":154,"h":"百郡秦幷","k":"백군진병","t":"진시황이 천하봉군하는 법을 폐하고 일백군을 두었다."},{"index":155,"h":"嶽宗恒岱","k":"악종항대","t":"오악은 동태산, 서화산, 남형산, 북항산, 중숭산이니 항산과 태산이 조종이라."},{"index":156,"h":"禪主云亭","k":"선주운정","t":"운과 정은 천자를 봉선하고 제사하는 곳이니 운정은 태산에 있다."},{"index":157,"h":"雁門紫塞","k":"안문자새","t":"안문은 봄기러기 북으로 가는 고로 안문이고 흙이 붉은 고로 자색이라 하였다."},{"index":158,"h":"鷄田赤城","k":"계전적성","t":"계전은 옹주에 있는 고을이고 적성은 기주에 있는 고을이다."},{"index":159,"h":"昆池碣石","k":"곤지갈석","t":"곤지는 운남 곤명현에 있고 갈석은 부평현에 있다."},{"index":160,"h":"鉅野洞庭","k":"거야동정","t":"거야는 태산 동편에 있는 광야 동전은 호남성에 있는 중국 제일의 호수이다."},{"index":161,"h":"曠遠綿邈","k":"광원면막","t":"산, 벌판, 호수 등이 아득하고 멀리 그리고 널리 줄지어 있음을 말한다."},{"index":162,"h":"巖峀杳冥","k":"암수묘명","t":"큰 바위와 메뿌리가 묘연하고 아득함을 말한다."},{"index":163,"h":"治本於農","k":"치본어농","t":"다스리는 것은 농사를 근본으로 하니 중농 정치를 이른다."},{"index":164,"h":"務玆稼穡","k":"무자가색","t":"때맞춰 심고 힘써 일하며 많은 수익을 거둔다."},{"index":165,"h":"俶載南畝","k":"숙재남묘","t":"비로소 남양의 밭에서 농작물을 배양한다."},{"index":166,"h":"我藝黍稷","k":"아예서직","t":"나는 기장과 피를 심는 일에 열중하겠다."},{"index":167,"h":"稅熟貢新","k":"세숙공신","t":"곡식이 익으면 부세하여 국용을 준비하고 신곡으로 종묘에 제사를 올린다."},{"index":168,"h":"勸賞黜陟","k":"권상출척","t":"농민의 의기를 앙양키 위하여 열심인 자는 상주고 게을리한 자는 출석하였다."},{"index":169,"h":"孟軻敦素","k":"맹가돈소","t":"맹자는 그 모친의 교훈을 받아 자사문하에서 배웠다."},{"index":170,"h":"史魚秉直","k":"사어병직","t":"사어라는 사람은 위나라 태부였으며 그 성격이 매우 강직하였다."},{"index":171,"h":"庶幾中庸","k":"서기중용","t":"어떠한 일이나 한쪽으로 기울어지게 일하면 안 된다."},{"index":172,"h":"勞謙謹勅","k":"노겸근칙","t":"근로하고 겸손하며 삼가고 신칙하면 중용의 도에 이른다."},{"index":173,"h":"聆音察理","k":"영음찰리","t":"소리를 듣고 그 거동을 살피니 조그마한 일이라도 주의하여야 한다."},{"index":174,"h":"鑑貌辨色","k":"감모변색","t":"모양과 거동으로 그 마음속을 분별할 수 있다."},{"index":175,"h":"貽厥嘉猷","k":"이궐가유","t":"도리를 지키고 착함으로 자손에 좋은 것을 끼쳐야 한다."},{"index":176,"h":"勉其祗植","k":"면기지식","t":"착한 것으로 자손에 줄 것을 힘써야 좋은 가정을 이룰 것이다."},{"index":177,"h":"省躬譏誡","k":"생궁기계","t":"나무람과 경계함이 있는가 염려하며 몸을 살피라."},{"index":178,"h":"寵增抗極","k":"총증항극","t":"총애가 더할수록 교만한 태도를 부리지 말고 더욱 조심하여야 한다."},{"index":179,"h":"殆辱近恥","k":"태욕근치","t":"총애를 받는다고 욕된 일을 하면 머지 않아 위태함과 치욕이 온다."},{"index":180,"h":"林皐幸卽","k":"임고행즉","t":"부귀할지라도 겸토하여 산간 수풀에서 편히 지내는 것도 다행한 일이다."},{"index":181,"h":"兩疏見機","k":"양소견기","t":"한나라의 소광과 소수는 기틀을 보고 상소하고 낙향했다."},{"index":182,"h":"解組誰逼","k":"해조수핍","t":"관의 끈을 풀어 사직하고 돌아가니 누가 핍박하리요."},{"index":183,"h":"索居閑處","k":"삭거한처","t":"퇴직하여 한가한 곳에서 세상을 보냈다."},{"index":184,"h":"沈默寂寥","k":"침묵적요","t":"세상에 나와서 교제하는 데도 언행에 침착해야 한다."},{"index":185,"h":"求古尋論","k":"구고심론","t":"예를 찾아 의논하고 고인을 찾아 토론한다."},{"index":186,"h":"散慮逍遙","k":"산려소요","t":"세상일을 잊어버리고 자연 속에서 한가하게 즐긴다."},{"index":187,"h":"欣奏累遣","k":"흔주누견","t":"기쁨은 아뢰고 더러움은 보내니."},{"index":188,"h":"慼謝歡招","k":"척사환초","t":"심중의 슬픈 것은 없어지고 즐거움만 부른 듯이 오게 된다."},{"index":189,"h":"渠荷的歷","k":"거하적력","t":"개천의 연꽃도 아름다우니 향기를 잡아볼 만하다."},{"index":190,"h":"園莽抽條","k":"원망추조","t":"동산의 풀은 땅속 양분으로 가지가 뻗고 크게 자란다."},{"index":191,"h":"枇杷晩翠","k":"비파만취","t":"비파나무는 늦은 겨울에도 그 빛은 푸르다."},{"index":192,"h":"梧桐早凋","k":"오동조조","t":"오동잎은 가을이면 다른 나무보다 먼저 마른다."},{"index":193,"h":"陳根委翳","k":"진근위예","t":"가을이 오면 오동뿐 아니라 고목의 뿌리는 시들어 마른다."},{"index":194,"h":"落葉飄颻","k":"낙엽표요","t":"가을이 오면 낙엽이 펄펄 날리며 떨어진다."},{"index":195,"h":"遊鵾獨運","k":"유곤독운","t":"곤새가 자유로이 홀로 날개를 펴고 運回하고 있다."},{"index":196,"h":"凌摩絳霄","k":"능마강소","t":"적색의 大空을 업신여기는 듯이 선회하고 있다."},{"index":197,"h":"耽讀翫市","k":"탐독완시","t":"하나라의 왕총은 독서를 즐겨 서점에 가서 탐독하였다."},{"index":198,"h":"寓目囊箱","k":"우목낭상","t":"왕총이 한번 읽으면 잊지 아니하여 글을 주머니나 상자에 둠과 같다고 하였다."},{"index":199,"h":"易輶攸畏","k":"이유유외","t":"매사를 소홀히 하고 경솔함은 군자가 진실로 두려워하는 바이다."},{"index":200,"h":"屬耳垣牆","k":"속이원장","t":"담장에도 귀가 있다는 말과 같이 경솔히 말하는 것을 조심하라."},{"index":201,"h":"具膳飱飯","k":"구선손반","t":"반찬을 갖추고 밥을 먹으니"},{"index":202,"h":"適口充腸","k":"적구충장","t":"훌륭한 음식이 아니라도 입에 맞으면 배를 채운다."},{"index":203,"h":"飽飫烹宰","k":"포어팽재","t":"배부를 때에는 아무리 좋은 음식이라도 그 맛을 모른다."},{"index":204,"h":"饑厭糟糠","k":"기염조강","t":"반대로 배가 고플 때에는 겨와 재강도 맛있게 되는 것이다."},{"index":205,"h":"親戚故舊","k":"친척고구","t":"친은 동성지친이고 척은 이성지친이요 고구는 오랜 친구를 말한다."},{"index":206,"h":"老少異糧","k":"노소이량","t":"늙은이와 젊은이의 식사가 다르다."},{"index":207,"h":"妾御績紡","k":"첩어적방","t":"남자는 밖에서 일하고 여자는 안에서 길쌈을 짜니라."},{"index":208,"h":"侍巾帷房","k":"시건유방","t":"유방에서 모시고 수건을 받드니 처첩이 하는 일이다."},{"index":209,"h":"紈扇圓潔","k":"환선원결","t":"흰 비단으로 만든 부채는 둥글고 깨끗하다."},{"index":210,"h":"銀燭煒煌","k":"은촉위황","t":"은촛대의 촛불은 빛나서 휘황 찬란하다."},{"index":211,"h":"晝眠夕寐","k":"주면석매","t":"낮에 낮잠 자고 밤에 일찍 자니 한가한 사람의 일이다."},{"index":212,"h":"藍筍象床","k":"남순상상","t":"푸른 대순과 코끼리 상이니 즉 한가한 사람의 침대이다."},{"index":213,"h":"絃歌酒讌","k":"현가주연","t":"거문고를 타며 술과 노래로 잔치하니."},{"index":214,"h":"接杯擧觴","k":"접배거상","t":"작고 큰 술잔을 서로 주고받으며 즐기는 모습이다."},{"index":215,"h":"矯手頓足","k":"교수돈족","t":"손을 들고 발을 두드리며 춤을 춘다."},{"index":216,"h":"悅豫且康","k":"열예차강","t":"이상과 같이 마음 편히 즐기고 살면 단란한 가정이다."},{"index":217,"h":"嫡後嗣續","k":"적후사속","t":"적자된 자, 즉 장남은 뒤를 계승하여 대를 이룬다."},{"index":218,"h":"祭祀蒸嘗","k":"제사증상","t":"제사하되 겨울 제사는 증이라 하고 가을 제사는 상이라 한다."},{"index":219,"h":"稽顙再拜","k":"계상재배","t":"이마를 조아려 선조에게 두 번 절한다."},{"index":220,"h":"悚懼恐惶","k":"송구공황","t":"송구하고 공황하니 엄중, 공경함이 지극함이라.(3년상 이후의 제사시의 몸가짐이다.)"},{"index":221,"h":"牋牒簡要","k":"전첩간요","t":"글과 편지는 간략함을 요한다."},{"index":222,"h":"顧答審詳","k":"고답심상","t":"편지의 회답도 자세히 살펴 써야 한다."},{"index":223,"h":"骸垢想浴","k":"해구상욕","t":"몸에 때가 끼면 목욕하기를 생각하고."},{"index":224,"h":"執熱願凉","k":"집열원량","t":"더우면 서늘하기를 원한다."},{"index":225,"h":"驢騾犢特","k":"여라독특","t":"나귀와 노새와 송아지, 즉 가축을 말한다."},{"index":226,"h":"駭躍超驤","k":"해약초양","t":"뛰고 달리며 노는 가축의 모습을 말한다."},{"index":227,"h":"誅斬賊盜","k":"주참적도","t":"역적과 도적을 베어 물리침."},{"index":228,"h":"捕獲叛亡","k":"포획반망","t":"배반하고 도망하는 자를 잡아 죄를 다스린다."},{"index":229,"h":"布射僚丸","k":"포사료환","t":"한나라 여포는 화살을 잘 쐈고 의료는 탄자를 잘 던졌다."},{"index":230,"h":"嵇琴阮嘯","k":"혜금완소","t":"위국 혜강은 거문고를 잘 타고 완적은 휘파람을 잘 불었다."},{"index":231,"h":"恬筆倫紙","k":"염필륜지","t":"진국 봉념은 토끼털로 처음 붓을 만들었고 후한 채윤은 처음 종이를 만들었다."},{"index":232,"h":"鈞巧任釣","k":"균교임조","t":"위국 마균은 지남거를 만들고 전국시대 임공자는 낚시를 만들었다."},{"index":233,"h":"釋紛利俗","k":"석분리속","t":"이상 팔인의 재주를 다하여 어지러움을 풀어 풍속에 이롭게 하였다."},{"index":234,"h":"竝皆佳妙","k":"병개가묘","t":"모두가 아름다우며 묘한 재주였다."},{"index":235,"h":"毛施淑姿","k":"모시숙자","t":"모는 오의 모타라는 여자이고 시는 월의 시라는 여자인데 모두 절세 미인이었다."},{"index":236,"h":"工嚬姸笑","k":"공빈연소","t":"이 두 미인의 웃는 모습이 매우 곱고 아름다웠다."},{"index":237,"h":"年矢每催","k":"연시매최","t":"세월이 빠른 것을 말한다. 즉 살같이 매양 재촉하니"},{"index":238,"h":"曦暉朗耀","k":"희휘낭요","t":"태양 빛과 달빛은 온 세상을 비추어 만물에 혜택을 주고 있다."},{"index":239,"h":"璇璣懸斡","k":"선기현알","t":"선기는 천기를 보는 기구이고 그 기구가 높이 걸려 도는 것을 말한다."},{"index":240,"h":"晦魄環照","k":"회백환조","t":"달이 고리와 같이 돌며 천지를 비치는 것을 말한다."},{"index":241,"h":"指薪修祐","k":"지신수우","t":"불타는 나무와 같이 정열로 도리를 닦으면 복을 얻는다."},{"index":242,"h":"永綏吉邵","k":"영수길소","t":"그리고 영구히 편안하고 길함이 높으리라."},{"index":243,"h":"矩步引領","k":"구보인령","t":"걸음을 바로 걷고 따라서 얼굴도 바르니 위의가 당당하다."},{"index":244,"h":"俯仰廊廟","k":"부앙낭묘","t":"항상 남묘에 있는 것으로 생각하고 머리를 숙여 예의를 지키라."},{"index":245,"h":"束帶矜莊","k":"속대긍장","t":"의복에 주의하여 단정히 함으로써 긍지를 갖는다."},{"index":246,"h":"徘徊瞻眺","k":"배회첨조","t":"같은 장소를 배회하며 선후를 보는 모양이다."},{"index":247,"h":"孤陋寡聞","k":"고루과문","t":"하등의 식견도 재능도 없다.(천자문의 저자가 자기 자신을 겸손해서 말한 것이다.)"},{"index":248,"h":"愚蒙等誚","k":"우몽등초","t":"적고 어리석어 몽매함을 면치 못한다는 것을 말한다."},{"index":249,"h":"謂語助者","k":"위어조자","t":"어조라 함은 한문의 조사, 즉 다음 글자이다."},{"index":250,"h":"焉哉乎也","k":"언재호야","t":"\u0027언재호야\u0027 이 네 글자는 어조사이다."}]